Item;Components;;;
item_tranquil_boots;item_boots;item_wind_lace;item_ring_of_regen;
item_magic_wand;item_branches;item_branches;item_enchanted_mango;item_magic_stick
item_glimmer_cape;item_cloak;item_shadow_amulet;;
item_force_staff;item_staff_of_wizardry;item_ring_of_health;item_recipe_force_staff;
item_lotus_orb;item_pers;item_platemail;item_energy_booster;
item_pers;item_void_stone;item_ring_of_health;;
  item_ultimate_scepter;item_point_booster;item_staff_of_wizardry;item_ogre_axe;item_blade_of_alacrity
item_phase_boots;item_boots;item_blades_of_attack;item_blades_of_attack;
item_manta;  item_yasha;item_ultimate_orb;item_recipe_manta;
item_yasha;item_blade_of_alacrity;item_boots_of_elves;item_recipe_yasha;
item_diffusal_blade;item_blade_of_alacrity;item_blade_of_alacrity;item_robe;item_recipe_diffusal_blade
item_butterfly;item_quarterstaff;item_talisman_of_evasion;item_eagle;
item_abyssal_blade;item_vanguard;  item_basher;item_recipe_abyssal_blade;
item_vanguard;item_ring_of_health;item_vitality_booster;item_stout_shield;
  item_basher;item_javelin;  item_belt_of_strength;  item_recipe_basher;
item_skadi;item_ultimate_orb;item_ultimate_orb;item_point_booster;
item_wraith_band;item_circlet;item_slippers;item_recipe_wraith_band;
item_power_treads;item_boots;item_gloves;;
item_ring_of_aquila;item_wraith_band;  item_ring_of_basilius;;
item_mask_of_madness;item_lifesteal;item_quarterstaff;;
item_invis_sword;item_claymore;item_shadow_amulet;;
item_black_king_bar;item_mithril_hammer;item_ogre_axe;item_recipe_black_king_bar;
item_mjollnir;item_maelstrom;item_hyperstone;item_recipe_mjollnir;
item_maelstrom;item_mithril_hammer;item_gloves;item_recipe_maelstrom;
item_echo_sabre;item_ogre_axe;item_oblivion_staff;;
item_heart;item_reaver;item_vitality_booster;item_vitality_booster;
item_vladmir;item_lifesteal;item_ring_of_basilius;item_headdress;
item_monkey_king_bar;item_hyperstone;item_javelin;item_javelin;
item_arcane_boots;item_boots;item_energy_booster;;
item_refresher;item_pers;item_pers;item_recipe_refresher;
item_cyclone;item_staff_of_wizardry;item_wind_lace;item_void_stone;item_recipe_cyclone
item_veil_of_discord;item_helm_of_iron_will;item_null_talisman;item_null_talisman;item_recipe_veil_of_discord
item_hurricane_pike;item_wraith_band;item_dragon_lance;item_force_staff;
item_shivas_guard;item_mystic_staff;item_platemail;item_recipe_shivas_guard;
item_null_talisman;item_circlet;item_mantle;item_recipe_null_talisman;
item_moon_shard;item_hyperstone;item_hyperstone;;
item_octarine_core;item_mystic_staff;item_soul_booster;;
item_orchid;item_oblivion_staff;item_oblivion_staff;item_recipe_orchid;
item_crimson_guard;item_vanguard;item_platemail;item_ultimate_orb;
item_blade_mail;item_broadsword;item_chainmail;item_robe;
item_radiance;item_relic;item_recipe_radiance;;
item_mekansm;item_buckler;item_headdress;item_recipe_mekansm;
item_heavens_halberd;item_sange;item_talisman_of_evasion;;
item_soul_ring;item_ring_of_regen;item_gauntlets;item_gauntlets;item_recipe_soul_ring
item_bloodstone;item_pers;item_soul_booster;;
item_rod_of_atos;item_staff_of_wizardry;item_bracer;item_bracer;item_recipe_rod_of_atos
item_kaya;item_staff_of_wizardry;item_robe;item_recipe_kaya;
item_aether_lens;item_energy_booster;item_void_stone;item_recipe_aether_lens;
item_sheepstick;item_mystic_staff;item_ultimate_orb;item_void_stone;
item_solar_crest;item_medallion_of_courage;item_talisman_of_evasion;;
item_ancient_janggo;item_bracer;item_sobi_mask;item_wind_lace;item_recipe_ancient_janggo
item_oblivion_staff;item_quarterstaff;item_robe;item_sobi_mask;
item_ring_of_basilius;item_sobi_mask;item_ring_of_protection;;
item_headdress;item_ring_of_regen;item_branches;item_recipe_headdress;
item_dragon_lance;item_ogre_axe;item_boots_of_elves;item_boots_of_elves;
item_soul_booster;item_point_booster;item_vitality_booster;item_energy_booster;
item_buckler;item_chainmail;item_branches;item_recipe_buckler;
item_sange;item_ogre_axe;item_belt_of_strength;item_recipe_sange;
item_medallion_of_courage;item_chainmail;item_sobi_mask;item_blight_stone;
item_armlet;item_helm_of_iron_will;item_gloves;item_blades_of_attack;item_recipe_armlet
item_greater_crit;item_lesser_crit;item_demon_edge;item_recipe_greater_crit;
item_lesser_crit;item_broadsword;item_blades_of_attack;item_recipe_lesser_crit;
item_assault;item_platemail;item_hyperstone;item_chainmail;item_recipe_assault
item_desolator;item_mithril_hammer;item_mithril_hammer;item_blight_stone;
item_satanic;item_lifesteal;item_claymore;item_reaver;
item_hand_of_midas;item_gloves;item_recipe_hand_of_midas;;
item_guardian_greaves;item_arcane_boots;item_mekansm;item_recipe_guardian_greaves;
